,CustomerID,Preferred_Theme
0,CusID_09654,New_UI
1,CusID_09727,Old_UI
2,CusID_07391,Old_UI
3,CusID_08577,New_UI
4,CusID_08122,New_UI
5,CusID_06138,New_UI
6,CusID_00114,New_UI
7,CusID_02654,Old_UI
8,CusID_09381,Old_UI
9,CusID_01541,New_UI
10,CusID_06607,Old_UI
11,CusID_00371,Old_UI
12,CusID_05504,New_UI
13,CusID_00329,New_UI
14,CusID_09169,New_UI
15,CusID_07029,New_UI
16,CusID_02773,Old_UI
17,CusID_02051,New_UI
18,CusID_07077,Old_UI
19,CusID_09063,New_UI
20,CusID_06682,New_UI
21,CusID_01134,New_UI
22,CusID_04232,New_UI
23,CusID_02720,Old_UI
24,CusID_00951,New_UI
25,CusID_07457,New_UI
26,CusID_01655,Old_UI
27,CusID_07191,New_UI
28,CusID_09941,New_UI
29,CusID_03886,New_UI
30,CusID_08264,Old_UI
31,CusID_09669,New_UI
32,CusID_03529,New_UI
33,CusID_04467,Old_UI
34,CusID_07165,Old_UI
35,CusID_00863,Old_UI
36,CusID_01553,Old_UI
37,CusID_08602,New_UI
38,CusID_05056,New_UI
39,CusID_01583,Old_UI
40,CusID_04198,Old_UI
41,CusID_00132,New_UI
42,CusID_05794,New_UI
43,CusID_08524,Old_UI
44,CusID_09530,New_UI
45,CusID_03407,Old_UI
46,CusID_07442,New_UI
47,CusID_04377,New_UI
48,CusID_01687,Old_UI
49,CusID_09402,New_UI
50,CusID_09648,New_UI
51,CusID_07445,Old_UI
52,CusID_06302,Old_UI
53,CusID_03411,Old_UI
54,CusID_05941,New_UI
55,CusID_09624,New_UI
56,CusID_01124,New_UI
57,CusID_02484,New_UI
58,CusID_04723,Old_UI
59,CusID_07796,New_UI
60,CusID_08562,New_UI
61,CusID_01118,New_UI
62,CusID_04707,New_UI
63,CusID_08825,New_UI
64,CusID_06692,New_UI
65,CusID_04209,New_UI
66,CusID_09841,Old_UI
67,CusID_09156,New_UI
68,CusID_02207,Old_UI
69,CusID_08723,New_UI
70,CusID_00706,New_UI
71,CusID_00109,Old_UI
72,CusID_02228,New_UI
73,CusID_05542,Old_UI
74,CusID_04585,Old_UI
75,CusID_05855,Old_UI
76,CusID_09758,New_UI
77,CusID_06425,Old_UI
78,CusID_04557,New_UI
79,CusID_08377,New_UI
80,CusID_01608,New_UI
81,CusID_01306,Old_UI
82,CusID_02306,New_UI
83,CusID_01940,New_UI
84,CusID_01241,Old_UI
85,CusID_07063,New_UI
86,CusID_07804,New_UI
87,CusID_09137,Old_UI
88,CusID_06475,New_UI
89,CusID_00189,New_UI
90,CusID_04423,Old_UI
91,CusID_04961,Old_UI
92,CusID_06921,Old_UI
93,CusID_02660,Old_UI
94,CusID_01681,New_UI
95,CusID_05723,Old_UI
96,CusID_00161,Old_UI
97,CusID_06935,Old_UI
98,CusID_09630,New_UI
99,CusID_05298,New_UI
100,CusID_05156,Old_UI
101,CusID_07103,Old_UI
102,CusID_09123,Old_UI
103,CusID_09780,New_UI
104,CusID_04685,Old_UI
105,CusID_07352,New_UI
106,CusID_07302,New_UI
107,CusID_07060,New_UI
108,CusID_05328,Old_UI
109,CusID_06930,New_UI
110,CusID_07304,New_UI
111,CusID_06366,Old_UI
112,CusID_02723,Old_UI
113,CusID_09977,New_UI
114,CusID_04211,Old_UI
115,CusID_04041,New_UI
116,CusID_01051,Old_UI
117,CusID_00252,New_UI
118,CusID_01424,New_UI
119,CusID_04719,New_UI
120,CusID_05611,New_UI
121,CusID_08035,Old_UI
122,CusID_09803,Old_UI
123,CusID_00869,New_UI
124,CusID_03127,Old_UI
125,CusID_07787,Old_UI
126,CusID_00417,New_UI
127,CusID_03497,Old_UI
128,CusID_04103,New_UI
129,CusID_02112,Old_UI
130,CusID_07271,New_UI
131,CusID_08289,New_UI
132,CusID_03780,Old_UI
133,CusID_02081,New_UI
134,CusID_00466,New_UI
135,CusID_04746,New_UI
136,CusID_04586,New_UI
137,CusID_07499,Old_UI
138,CusID_09467,Old_UI
139,CusID_07118,Old_UI
140,CusID_06905,New_UI
141,CusID_07997,Old_UI
142,CusID_09142,New_UI
143,CusID_00050,Old_UI
144,CusID_05163,New_UI
145,CusID_05884,Old_UI
146,CusID_08349,New_UI
147,CusID_06026,New_UI
148,CusID_00464,New_UI
149,CusID_04766,New_UI
150,CusID_01303,Old_UI
151,CusID_09705,New_UI
152,CusID_06005,Old_UI
153,CusID_03018,Old_UI
154,CusID_06861,Old_UI
155,CusID_08996,Old_UI
156,CusID_03135,Old_UI
157,CusID_06651,New_UI
158,CusID_09217,New_UI
159,CusID_08263,Old_UI
160,CusID_08836,Old_UI
161,CusID_05213,New_UI
162,CusID_03473,New_UI
163,CusID_03466,Old_UI
164,CusID_05852,New_UI
165,CusID_03534,Old_UI
166,CusID_02691,New_UI
167,CusID_03418,New_UI
168,CusID_00219,Old_UI
169,CusID_02379,Old_UI
170,CusID_09129,New_UI
171,CusID_01772,Old_UI
172,CusID_04056,Old_UI
173,CusID_08413,Old_UI
174,CusID_07138,New_UI
175,CusID_05604,New_UI
176,CusID_05100,Old_UI
177,CusID_01325,Old_UI
178,CusID_02836,Old_UI
179,CusID_06784,Old_UI
180,CusID_08138,New_UI
181,CusID_05930,New_UI
182,CusID_03376,Old_UI
183,CusID_04072,New_UI
184,CusID_08466,Old_UI
185,CusID_02238,New_UI
186,CusID_03797,Old_UI
187,CusID_00831,New_UI
188,CusID_02025,Old_UI
189,CusID_08077,Old_UI
190,CusID_03361,Old_UI
191,CusID_07866,Old_UI
192,CusID_09915,New_UI
193,CusID_09522,New_UI
194,CusID_05784,Old_UI
195,CusID_08712,Old_UI
196,CusID_09690,Old_UI
197,CusID_02204,Old_UI
198,CusID_01485,Old_UI
199,CusID_01555,Old_UI
200,CusID_08928,Old_UI
201,CusID_01922,New_UI
202,CusID_07393,Old_UI
203,CusID_03522,New_UI
204,CusID_05465,Old_UI
205,CusID_01150,New_UI
206,CusID_09309,New_UI
207,CusID_04562,New_UI
208,CusID_05886,New_UI
209,CusID_08160,New_UI
210,CusID_05501,Old_UI
211,CusID_09281,Old_UI
212,CusID_08254,New_UI
213,CusID_03685,Old_UI
214,CusID_07821,New_UI
215,CusID_08132,New_UI
216,CusID_08957,New_UI
217,CusID_06452,New_UI
218,CusID_07422,New_UI
219,CusID_07144,New_UI
220,CusID_05131,New_UI
221,CusID_04492,Old_UI
222,CusID_06922,New_UI
223,CusID_07604,New_UI
224,CusID_04418,New_UI
225,CusID_08677,Old_UI
226,CusID_05579,New_UI
227,CusID_03158,New_UI
228,CusID_06503,Old_UI
229,CusID_08600,New_UI
230,CusID_02032,New_UI
231,CusID_08378,Old_UI
232,CusID_07795,Old_UI
233,CusID_07258,New_UI
234,CusID_00510,New_UI
235,CusID_06967,Old_UI
236,CusID_05613,New_UI
237,CusID_03948,Old_UI
238,CusID_03761,Old_UI
239,CusID_03738,New_UI
240,CusID_06140,New_UI
241,CusID_01012,New_UI
242,CusID_00004,Old_UI
243,CusID_05109,Old_UI
244,CusID_05377,Old_UI
245,CusID_07016,Old_UI
246,CusID_07887,Old_UI
247,CusID_04061,Old_UI
248,CusID_08790,New_UI
249,CusID_00261,New_UI
250,CusID_07305,Old_UI
251,CusID_08063,New_UI
252,CusID_09916,New_UI
253,CusID_00225,New_UI
254,CusID_07627,New_UI
255,CusID_00633,New_UI
256,CusID_07107,New_UI
257,CusID_03618,New_UI
258,CusID_03698,Old_UI
259,CusID_02098,New_UI
260,CusID_03986,New_UI
261,CusID_00254,New_UI
262,CusID_06153,New_UI
263,CusID_02644,New_UI
264,CusID_08636,New_UI
265,CusID_06369,New_UI
266,CusID_05627,New_UI
267,CusID_03074,New_UI
268,CusID_09270,New_UI
269,CusID_01750,New_UI
270,CusID_01565,Old_UI
271,CusID_06587,New_UI
272,CusID_09055,Old_UI
273,CusID_00760,Old_UI
274,CusID_05028,Old_UI
275,CusID_07541,Old_UI
276,CusID_08515,Old_UI
277,CusID_05026,New_UI
278,CusID_01087,Old_UI
279,CusID_04906,New_UI
280,CusID_00701,New_UI
281,CusID_09182,New_UI
282,CusID_07873,Old_UI
283,CusID_02201,Old_UI
284,CusID_04487,New_UI
285,CusID_01137,New_UI
286,CusID_06278,Old_UI
287,CusID_05976,Old_UI
288,CusID_02065,Old_UI
289,CusID_00353,Old_UI
290,CusID_03949,Old_UI
291,CusID_01878,New_UI
292,CusID_02163,New_UI
293,CusID_00099,New_UI
294,CusID_08519,Old_UI
295,CusID_08661,New_UI
296,CusID_03335,Old_UI
297,CusID_01942,New_UI
298,CusID_04025,New_UI
299,CusID_06384,Old_UI
300,CusID_03468,New_UI
301,CusID_08537,Old_UI
302,CusID_01019,Old_UI
303,CusID_09292,Old_UI
304,CusID_00834,Old_UI
305,CusID_06104,New_UI
306,CusID_07534,New_UI
307,CusID_09439,New_UI
308,CusID_08470,New_UI
309,CusID_06124,New_UI
310,CusID_02009,Old_UI
311,CusID_00365,Old_UI
312,CusID_01440,New_UI
313,CusID_01891,Old_UI
314,CusID_09415,Old_UI
315,CusID_05398,New_UI
316,CusID_05925,New_UI
317,CusID_03961,Old_UI
318,CusID_02521,Old_UI
319,CusID_00159,New_UI
320,CusID_00556,Old_UI
321,CusID_05477,Old_UI
322,CusID_08947,New_UI
323,CusID_02803,Old_UI
324,CusID_00965,New_UI
325,CusID_09004,New_UI
326,CusID_00376,New_UI
327,CusID_01972,New_UI
328,CusID_07111,Old_UI
329,CusID_03823,Old_UI
330,CusID_03503,Old_UI
331,CusID_05184,New_UI
332,CusID_06761,New_UI
333,CusID_06915,New_UI
334,CusID_03367,Old_UI
335,CusID_01437,New_UI
336,CusID_04958,Old_UI
337,CusID_08603,Old_UI
338,CusID_07898,New_UI
339,CusID_09106,New_UI
340,CusID_05363,Old_UI
341,CusID_03274,New_UI
342,CusID_05889,Old_UI
343,CusID_03117,New_UI
344,CusID_01991,Old_UI
345,CusID_07472,New_UI
346,CusID_02028,New_UI
347,CusID_09250,Old_UI
348,CusID_00499,Old_UI
349,CusID_05576,New_UI
350,CusID_00136,Old_UI
351,CusID_03263,Old_UI
352,CusID_07371,Old_UI
353,CusID_01741,New_UI
354,CusID_03705,New_UI
355,CusID_05623,Old_UI
356,CusID_05153,Old_UI
357,CusID_01738,New_UI
358,CusID_02934,New_UI
359,CusID_04500,Old_UI
360,CusID_01005,Old_UI
361,CusID_06374,New_UI
362,CusID_08195,New_UI
363,CusID_01911,New_UI
364,CusID_09483,New_UI
365,CusID_04621,Old_UI
366,CusID_09038,New_UI
367,CusID_07983,New_UI
368,CusID_07413,New_UI
369,CusID_00964,Old_UI
370,CusID_07356,New_UI
371,CusID_07010,New_UI
372,CusID_05891,Old_UI
373,CusID_08845,Old_UI
374,CusID_00934,New_UI
375,CusID_00116,Old_UI
376,CusID_04168,New_UI
377,CusID_07699,Old_UI
378,CusID_04170,New_UI
379,CusID_02115,New_UI
380,CusID_00176,New_UI
381,CusID_00228,New_UI
382,CusID_02327,New_UI
383,CusID_04978,Old_UI
384,CusID_04191,New_UI
385,CusID_08541,Old_UI
386,CusID_03493,Old_UI
387,CusID_02561,Old_UI
388,CusID_04518,New_UI
389,CusID_00133,Old_UI
390,CusID_02404,New_UI
391,CusID_01015,New_UI
392,CusID_01818,New_UI
393,CusID_09611,Old_UI
394,CusID_09071,Old_UI
395,CusID_07929,New_UI
396,CusID_05431,New_UI
397,CusID_09685,Old_UI
398,CusID_03927,Old_UI
399,CusID_01498,New_UI
400,CusID_04405,Old_UI
401,CusID_09628,New_UI
402,CusID_08708,Old_UI
403,CusID_08023,Old_UI
404,CusID_06877,New_UI
405,CusID_03679,Old_UI
406,CusID_01183,Old_UI
407,CusID_03234,Old_UI
408,CusID_09866,New_UI
409,CusID_09886,New_UI
410,CusID_03370,New_UI
411,CusID_01954,New_UI
412,CusID_00657,Old_UI
413,CusID_04358,New_UI
414,CusID_03287,New_UI
415,CusID_02801,Old_UI
416,CusID_01254,New_UI
417,CusID_02044,New_UI
418,CusID_06963,New_UI
419,CusID_02992,Old_UI
420,CusID_01215,New_UI
421,CusID_01144,New_UI
422,CusID_00017,Old_UI
423,CusID_06130,New_UI
424,CusID_08041,Old_UI
425,CusID_00819,New_UI
426,CusID_08255,Old_UI
427,CusID_06443,Old_UI
428,CusID_07370,Old_UI
429,CusID_02722,New_UI
430,CusID_00180,New_UI
431,CusID_04505,Old_UI
432,CusID_04254,Old_UI
433,CusID_07836,New_UI
434,CusID_04099,Old_UI
435,CusID_05016,Old_UI
436,CusID_04945,Old_UI
437,CusID_06887,New_UI
438,CusID_05286,New_UI
439,CusID_00918,New_UI
440,CusID_01753,Old_UI
441,CusID_05715,New_UI
442,CusID_06764,New_UI
443,CusID_05483,Old_UI
444,CusID_03119,Old_UI
445,CusID_05047,New_UI
446,CusID_05811,New_UI
447,CusID_05308,New_UI
448,CusID_04695,Old_UI
449,CusID_08357,Old_UI
450,CusID_08110,New_UI
451,CusID_09799,Old_UI
452,CusID_08191,Old_UI
453,CusID_07320,Old_UI
454,CusID_06997,Old_UI
455,CusID_01504,New_UI
456,CusID_00322,Old_UI
457,CusID_01567,Old_UI
458,CusID_01746,Old_UI
459,CusID_01762,New_UI
460,CusID_08929,Old_UI
461,CusID_04224,New_UI
462,CusID_05820,New_UI
463,CusID_06670,New_UI
464,CusID_03958,Old_UI
465,CusID_06105,New_UI
466,CusID_06923,Old_UI
467,CusID_05933,Old_UI
468,CusID_02736,Old_UI
469,CusID_05987,Old_UI
470,CusID_01551,New_UI
471,CusID_03071,Old_UI
472,CusID_00209,Old_UI
473,CusID_03665,Old_UI
474,CusID_09235,Old_UI
475,CusID_00198,Old_UI
476,CusID_01123,Old_UI
477,CusID_05453,New_UI
478,CusID_05637,New_UI
479,CusID_09925,Old_UI
480,CusID_02752,New_UI
481,CusID_02631,Old_UI
482,CusID_08304,New_UI
483,CusID_08145,New_UI
484,CusID_04839,New_UI
485,CusID_00391,New_UI
486,CusID_08555,Old_UI
487,CusID_05746,New_UI
488,CusID_09632,New_UI
489,CusID_03660,Old_UI
490,CusID_02579,Old_UI
491,CusID_07902,Old_UI
492,CusID_00245,New_UI
493,CusID_04731,Old_UI
494,CusID_02742,New_UI
495,CusID_05684,New_UI
496,CusID_02548,New_UI
497,CusID_00398,New_UI
498,CusID_06086,New_UI
499,CusID_02932,New_UI
500,CusID_08278,New_UI
501,CusID_05921,New_UI
502,CusID_03917,Old_UI
503,CusID_02322,Old_UI
504,CusID_00888,Old_UI
505,CusID_04335,Old_UI
506,CusID_01899,Old_UI
507,CusID_07508,Old_UI
508,CusID_02554,New_UI
509,CusID_03028,New_UI
510,CusID_06730,New_UI
511,CusID_00610,Old_UI
512,CusID_06822,New_UI
513,CusID_08598,New_UI
514,CusID_02264,New_UI
515,CusID_09670,New_UI
516,CusID_03404,Old_UI
517,CusID_07921,Old_UI
518,CusID_09418,New_UI
519,CusID_07055,Old_UI
520,CusID_08084,Old_UI
521,CusID_04351,Old_UI
522,CusID_05445,Old_UI
523,CusID_03479,New_UI
524,CusID_00185,Old_UI
525,CusID_09207,New_UI
526,CusID_05670,New_UI
527,CusID_02534,New_UI
528,CusID_07119,New_UI
529,CusID_07550,New_UI
530,CusID_04554,New_UI
531,CusID_00087,New_UI
532,CusID_06934,New_UI
533,CusID_02463,New_UI
534,CusID_05763,Old_UI
535,CusID_02250,Old_UI
536,CusID_06436,New_UI
537,CusID_06209,Old_UI
538,CusID_04182,New_UI
539,CusID_06946,New_UI
540,CusID_07694,Old_UI
541,CusID_05555,New_UI
542,CusID_06751,Old_UI
543,CusID_06646,New_UI
544,CusID_07008,New_UI
545,CusID_06817,Old_UI
546,CusID_06617,New_UI
547,CusID_04461,New_UI
548,CusID_00158,New_UI
549,CusID_03344,New_UI
550,CusID_08295,Old_UI
551,CusID_03030,New_UI
552,CusID_09862,New_UI
553,CusID_06424,New_UI
554,CusID_06805,Old_UI
555,CusID_08680,New_UI
556,CusID_04622,Old_UI
557,CusID_03864,New_UI
558,CusID_06349,New_UI
559,CusID_01468,New_UI
560,CusID_09407,New_UI
561,CusID_07920,Old_UI
562,CusID_01315,Old_UI
563,CusID_02308,New_UI
564,CusID_08989,New_UI
565,CusID_03251,New_UI
566,CusID_08777,Old_UI
567,CusID_00978,New_UI
568,CusID_03002,New_UI
569,CusID_05072,New_UI
570,CusID_04604,New_UI
571,CusID_09308,Old_UI
572,CusID_02908,New_UI
573,CusID_03399,New_UI
574,CusID_06994,Old_UI
575,CusID_06790,New_UI
576,CusID_05048,Old_UI
577,CusID_07556,New_UI
578,CusID_05828,New_UI
579,CusID_03082,New_UI
580,CusID_05462,Old_UI
581,CusID_07483,New_UI
582,CusID_07946,New_UI
583,CusID_03726,New_UI
584,CusID_04631,New_UI
585,CusID_01271,Old_UI
586,CusID_01730,New_UI
587,CusID_07549,Old_UI
588,CusID_03934,Old_UI
589,CusID_08617,New_UI
590,CusID_04062,New_UI
591,CusID_01691,New_UI
592,CusID_00439,Old_UI
593,CusID_07719,New_UI
594,CusID_05720,New_UI
595,CusID_02198,New_UI
596,CusID_06825,Old_UI
597,CusID_07072,New_UI
598,CusID_02407,Old_UI
599,CusID_07762,New_UI
600,CusID_05209,Old_UI
601,CusID_07776,Old_UI
602,CusID_08755,Old_UI
603,CusID_03964,New_UI
604,CusID_05032,New_UI
605,CusID_01720,Old_UI
606,CusID_07828,Old_UI
607,CusID_01748,New_UI
608,CusID_08309,Old_UI
609,CusID_08233,Old_UI
610,CusID_02970,Old_UI
611,CusID_03957,New_UI
612,CusID_06713,New_UI
613,CusID_02360,New_UI
614,CusID_08359,Old_UI
615,CusID_07594,New_UI
616,CusID_04160,New_UI
617,CusID_08924,New_UI
618,CusID_06810,Old_UI
619,CusID_01385,Old_UI
620,CusID_03487,New_UI
621,CusID_07968,New_UI
622,CusID_03538,New_UI
623,CusID_04131,New_UI
624,CusID_00511,New_UI
625,CusID_02487,New_UI
626,CusID_05975,Old_UI
627,CusID_08699,New_UI
628,CusID_01570,New_UI
629,CusID_02606,Old_UI
630,CusID_05283,New_UI
631,CusID_04468,New_UI
632,CusID_04615,Old_UI
633,CusID_07444,New_UI
634,CusID_02656,Old_UI
635,CusID_08373,New_UI
636,CusID_05837,Old_UI
637,CusID_06225,New_UI
638,CusID_05234,New_UI
639,CusID_01627,Old_UI
640,CusID_06990,Old_UI
641,CusID_05037,New_UI
642,CusID_09504,New_UI
643,CusID_03931,Old_UI
644,CusID_00518,Old_UI
645,CusID_00975,New_UI
646,CusID_00635,Old_UI
647,CusID_04527,New_UI
648,CusID_03280,New_UI
649,CusID_03038,New_UI
650,CusID_01119,New_UI
651,CusID_04581,New_UI
652,CusID_06720,Old_UI
653,CusID_04292,Old_UI
654,CusID_01514,New_UI
655,CusID_01143,Old_UI
656,CusID_03248,Old_UI
657,CusID_09478,New_UI
658,CusID_05468,New_UI
659,CusID_06304,Old_UI
660,CusID_03729,New_UI
661,CusID_05111,New_UI
662,CusID_04374,New_UI
663,CusID_00111,New_UI
664,CusID_08234,Old_UI
665,CusID_09073,New_UI
666,CusID_06691,Old_UI
667,CusID_08392,Old_UI
668,CusID_08509,Old_UI
669,CusID_03871,Old_UI
670,CusID_09919,Old_UI
671,CusID_03444,New_UI
672,CusID_09363,New_UI
673,CusID_05079,New_UI
674,CusID_08047,New_UI
675,CusID_05959,Old_UI
676,CusID_03356,New_UI
677,CusID_03036,New_UI
678,CusID_08369,New_UI
679,CusID_01800,New_UI
680,CusID_09647,Old_UI
681,CusID_06896,New_UI
682,CusID_00312,Old_UI
683,CusID_09973,Old_UI
684,CusID_06486,New_UI
685,CusID_05586,New_UI
686,CusID_08323,Old_UI
687,CusID_03912,New_UI
688,CusID_02386,Old_UI
689,CusID_04526,New_UI
690,CusID_00183,New_UI
691,CusID_01204,New_UI
692,CusID_06787,Old_UI
693,CusID_01462,New_UI
694,CusID_08595,New_UI
695,CusID_06421,Old_UI
696,CusID_06961,Old_UI
697,CusID_05489,New_UI
698,CusID_04639,Old_UI
699,CusID_02283,New_UI
700,CusID_08301,Old_UI
701,CusID_08199,Old_UI
702,CusID_01761,New_UI
703,CusID_05907,New_UI
704,CusID_00631,New_UI
705,CusID_02297,Old_UI
706,CusID_05141,Old_UI
707,CusID_07198,Old_UI
708,CusID_00097,Old_UI
709,CusID_05479,Old_UI
710,CusID_09173,Old_UI
711,CusID_09031,Old_UI
712,CusID_07607,Old_UI
713,CusID_01159,Old_UI
714,CusID_03354,Old_UI
715,CusID_09940,New_UI
716,CusID_02847,Old_UI
717,CusID_08319,New_UI
718,CusID_09029,Old_UI
719,CusID_06588,New_UI
720,CusID_08815,Old_UI
721,CusID_06356,New_UI
722,CusID_05360,Old_UI
723,CusID_01211,Old_UI
724,CusID_06345,New_UI
725,CusID_02938,New_UI
726,CusID_05384,Old_UI
727,CusID_03821,Old_UI
728,CusID_04481,Old_UI
729,CusID_09545,Old_UI
730,CusID_02700,New_UI
731,CusID_05898,Old_UI
732,CusID_00612,New_UI
733,CusID_07162,New_UI
734,CusID_03812,New_UI
735,CusID_07190,Old_UI
736,CusID_00054,New_UI
737,CusID_06097,New_UI
738,CusID_06294,Old_UI
739,CusID_05265,Old_UI
740,CusID_04881,Old_UI
741,CusID_08990,Old_UI
742,CusID_01127,New_UI
743,CusID_02778,New_UI
744,CusID_08467,Old_UI
745,CusID_06496,New_UI
746,CusID_03307,Old_UI
747,CusID_06092,New_UI
748,CusID_09523,Old_UI
749,CusID_09086,New_UI
750,CusID_04219,Old_UI
751,CusID_09005,Old_UI
752,CusID_07342,New_UI
753,CusID_09667,Old_UI
754,CusID_03697,New_UI
755,CusID_06710,New_UI
756,CusID_08988,New_UI
757,CusID_06551,Old_UI
758,CusID_09882,Old_UI
759,CusID_00756,New_UI
760,CusID_00653,New_UI
761,CusID_05193,New_UI
762,CusID_04922,New_UI
763,CusID_02590,New_UI
764,CusID_07121,Old_UI
765,CusID_04563,Old_UI
766,CusID_07427,Old_UI
767,CusID_03687,Old_UI
768,CusID_07688,Old_UI
769,CusID_00714,New_UI
770,CusID_04337,Old_UI
771,CusID_03777,New_UI
772,CusID_01883,New_UI
773,CusID_08843,Old_UI
774,CusID_04736,New_UI
775,CusID_05825,Old_UI
776,CusID_09081,Old_UI
777,CusID_04233,New_UI
778,CusID_06909,Old_UI
779,CusID_05415,Old_UI
780,CusID_04716,New_UI
781,CusID_03456,New_UI
782,CusID_09717,New_UI
783,CusID_04997,New_UI
784,CusID_01130,New_UI
785,CusID_07373,Old_UI
786,CusID_09334,Old_UI
787,CusID_07468,New_UI
788,CusID_03398,New_UI
789,CusID_03021,New_UI
790,CusID_05273,Old_UI
791,CusID_05110,New_UI
792,CusID_00164,New_UI
793,CusID_08104,Old_UI
794,CusID_02123,Old_UI
795,CusID_01305,Old_UI
796,CusID_05461,Old_UI
797,CusID_00765,Old_UI
798,CusID_09322,Old_UI
799,CusID_08415,Old_UI
800,CusID_09328,Old_UI
801,CusID_02866,New_UI
802,CusID_03111,Old_UI
803,CusID_07337,Old_UI
804,CusID_02820,New_UI
805,CusID_08819,Old_UI
806,CusID_02655,New_UI
807,CusID_08992,Old_UI
808,CusID_08057,New_UI
809,CusID_07779,New_UI
810,CusID_00440,New_UI
811,CusID_01670,New_UI
812,CusID_08331,New_UI
813,CusID_02513,New_UI
814,CusID_03648,New_UI
815,CusID_03694,New_UI
816,CusID_04027,Old_UI
817,CusID_01372,New_UI
818,CusID_00844,New_UI
819,CusID_04150,Old_UI
820,CusID_08930,New_UI
821,CusID_02018,New_UI
822,CusID_03851,Old_UI
823,CusID_09139,Old_UI
824,CusID_06672,Old_UI
825,CusID_08253,New_UI
826,CusID_07781,Old_UI
827,CusID_09289,Old_UI
828,CusID_05969,Old_UI
829,CusID_00129,New_UI
830,CusID_06180,Old_UI
831,CusID_08725,Old_UI
832,CusID_02408,Old_UI
833,CusID_01544,Old_UI
834,CusID_02209,New_UI
835,CusID_07408,New_UI
836,CusID_03486,Old_UI
837,CusID_04772,New_UI
838,CusID_06219,New_UI
839,CusID_07353,New_UI
840,CusID_04672,New_UI
841,CusID_03712,Old_UI
842,CusID_07374,Old_UI
843,CusID_06263,Old_UI
844,CusID_08317,Old_UI
845,CusID_08484,Old_UI
846,CusID_05086,Old_UI
847,CusID_03442,New_UI
848,CusID_02432,Old_UI
849,CusID_01078,New_UI
850,CusID_02138,New_UI
851,CusID_02266,New_UI
852,CusID_09333,New_UI
853,CusID_07407,New_UI
854,CusID_00066,Old_UI
855,CusID_07308,Old_UI
856,CusID_00921,New_UI
857,CusID_01326,Old_UI
858,CusID_05899,New_UI
859,CusID_08060,Old_UI
860,CusID_01160,Old_UI
861,CusID_08091,New_UI
862,CusID_02401,Old_UI
863,CusID_06305,Old_UI
864,CusID_02409,New_UI
865,CusID_08409,New_UI
866,CusID_00338,New_UI
867,CusID_03801,Old_UI
868,CusID_01048,New_UI
869,CusID_08567,Old_UI
870,CusID_03240,New_UI
871,CusID_05015,Old_UI
872,CusID_08858,New_UI
873,CusID_07106,New_UI
874,CusID_06619,Old_UI
875,CusID_01534,New_UI
876,CusID_04655,Old_UI
877,CusID_06798,Old_UI
878,CusID_00931,Old_UI
879,CusID_03184,New_UI
880,CusID_07261,Old_UI
881,CusID_04947,New_UI
882,CusID_01890,New_UI
883,CusID_07179,New_UI
884,CusID_06938,Old_UI
885,CusID_02231,Old_UI
886,CusID_04154,New_UI
887,CusID_09371,Old_UI
888,CusID_06657,New_UI
889,CusID_01537,Old_UI
890,CusID_08770,New_UI
891,CusID_04724,Old_UI
892,CusID_09775,Old_UI
893,CusID_08025,New_UI
894,CusID_09761,New_UI
895,CusID_08423,Old_UI
896,CusID_01781,Old_UI
897,CusID_09183,New_UI
898,CusID_03035,Old_UI
899,CusID_07780,New_UI
900,CusID_02745,Old_UI
901,CusID_06083,Old_UI
902,CusID_04166,New_UI
903,CusID_01314,New_UI
904,CusID_05463,Old_UI
905,CusID_08259,New_UI
906,CusID_06291,New_UI
907,CusID_04429,Old_UI
908,CusID_02637,New_UI
909,CusID_07511,New_UI
910,CusID_06439,Old_UI
911,CusID_08220,New_UI
912,CusID_04790,New_UI
913,CusID_04199,Old_UI
914,CusID_01227,New_UI
915,CusID_03579,New_UI
916,CusID_08416,New_UI
917,CusID_01699,Old_UI
918,CusID_00872,Old_UI
919,CusID_02848,New_UI
920,CusID_04817,Old_UI
921,CusID_01429,Old_UI
922,CusID_04470,New_UI
923,CusID_08950,Old_UI
924,CusID_00206,Old_UI
925,CusID_01425,New_UI
926,CusID_03717,New_UI
927,CusID_04332,New_UI
928,CusID_04909,Old_UI
929,CusID_02415,New_UI
930,CusID_01220,New_UI
931,CusID_03455,New_UI
932,CusID_09830,New_UI
933,CusID_09956,New_UI
934,CusID_00422,Old_UI
935,CusID_06461,New_UI
936,CusID_06033,Old_UI
937,CusID_09813,New_UI
938,CusID_02212,Old_UI
939,CusID_07495,Old_UI
940,CusID_01416,New_UI
941,CusID_03423,New_UI
942,CusID_01807,Old_UI
943,CusID_01970,New_UI
944,CusID_01450,New_UI
945,CusID_09798,New_UI
946,CusID_01307,Old_UI
947,CusID_04017,New_UI
948,CusID_08051,Old_UI
949,CusID_07985,Old_UI
950,CusID_09585,Old_UI
951,CusID_04756,New_UI
952,CusID_08223,New_UI
953,CusID_04676,New_UI
954,CusID_04312,New_UI
955,CusID_05645,Old_UI
956,CusID_09339,Old_UI
957,CusID_04502,New_UI
958,CusID_05598,Old_UI
959,CusID_05101,Old_UI
960,CusID_05502,New_UI
961,CusID_02358,New_UI
962,CusID_07774,New_UI
963,CusID_03956,New_UI
964,CusID_00853,New_UI
965,CusID_04525,Old_UI
966,CusID_03846,Old_UI
967,CusID_09736,New_UI
968,CusID_01337,Old_UI
969,CusID_04201,Old_UI
970,CusID_04060,New_UI
971,CusID_07867,Old_UI
972,CusID_01581,New_UI
973,CusID_00644,New_UI
974,CusID_00246,Old_UI
975,CusID_04705,Old_UI
976,CusID_08854,Old_UI
977,CusID_04941,New_UI
978,CusID_05632,Old_UI
979,CusID_08984,New_UI
980,CusID_01900,New_UI
981,CusID_08991,New_UI
982,CusID_05353,Old_UI
983,CusID_07676,New_UI
984,CusID_02164,New_UI
985,CusID_02576,New_UI
986,CusID_00769,Old_UI
987,CusID_02502,New_UI
988,CusID_09975,New_UI
989,CusID_08553,New_UI
990,CusID_02735,Old_UI
991,CusID_08007,New_UI
992,CusID_03688,New_UI
993,CusID_02213,Old_UI
994,CusID_04297,New_UI
995,CusID_03918,New_UI
996,CusID_03546,Old_UI
997,CusID_06000,New_UI
998,CusID_09769,Old_UI
999,CusID_01089,New_UI
1000,CusID_04186,New_UI
1001,CusID_02904,Old_UI
1002,CusID_05373,New_UI
1003,CusID_09698,New_UI
1004,CusID_04503,New_UI
1005,CusID_05940,New_UI
1006,CusID_07230,Old_UI
1007,CusID_06727,Old_UI
1008,CusID_08800,Old_UI
1009,CusID_02453,Old_UI
1010,CusID_08386,Old_UI
1011,CusID_09053,Old_UI
1012,CusID_08009,Old_UI
1013,CusID_08107,Old_UI
1014,CusID_05267,Old_UI
1015,CusID_00331,New_UI
1016,CusID_02870,New_UI
1017,CusID_04210,New_UI
1018,CusID_09683,Old_UI
1019,CusID_06117,Old_UI
1020,CusID_09657,New_UI
1021,CusID_03079,Old_UI
1022,CusID_02217,New_UI
1023,CusID_02628,New_UI
1024,CusID_09032,New_UI
1025,CusID_00536,New_UI
1026,CusID_05160,New_UI
1027,CusID_05416,Old_UI
1028,CusID_07127,Old_UI
1029,CusID_09229,New_UI
1030,CusID_03588,New_UI
1031,CusID_04975,Old_UI
1032,CusID_05486,New_UI
1033,CusID_08747,Old_UI
1034,CusID_00860,New_UI
1035,CusID_07503,Old_UI
1036,CusID_06854,New_UI
1037,CusID_05498,New_UI
1038,CusID_08513,Old_UI
1039,CusID_07268,New_UI
1040,CusID_06430,New_UI
1041,CusID_00156,New_UI
1042,CusID_04334,New_UI
1043,CusID_08525,Old_UI
1044,CusID_01786,New_UI
1045,CusID_06038,New_UI
1046,CusID_06976,New_UI
1047,CusID_07341,New_UI
1048,CusID_09047,Old_UI
1049,CusID_04446,Old_UI
1050,CusID_09164,New_UI
1051,CusID_02890,New_UI
1052,CusID_03084,Old_UI
1053,CusID_04989,New_UI
1054,CusID_01133,Old_UI
1055,CusID_07177,Old_UI
1056,CusID_09442,Old_UI
1057,CusID_09186,Old_UI
1058,CusID_07116,Old_UI
1059,CusID_09548,New_UI
1060,CusID_07533,New_UI
1061,CusID_04059,New_UI
1062,CusID_01390,New_UI
1063,CusID_03430,New_UI
1064,CusID_00083,New_UI
1065,CusID_02150,Old_UI
1066,CusID_01268,New_UI
1067,CusID_01962,Old_UI
1068,CusID_01403,New_UI
1069,CusID_01417,Old_UI
1070,CusID_03115,Old_UI
1071,CusID_05350,New_UI
1072,CusID_03776,New_UI
1073,CusID_05700,New_UI
1074,CusID_02045,Old_UI
1075,CusID_02832,New_UI
1076,CusID_00248,New_UI
1077,CusID_09254,New_UI
1078,CusID_07492,New_UI
1079,CusID_03810,New_UI
1080,CusID_01020,New_UI
1081,CusID_03798,New_UI
1082,CusID_04329,Old_UI
1083,CusID_00473,Old_UI
1084,CusID_09934,New_UI
1085,CusID_02295,Old_UI
1086,CusID_02815,Old_UI
1087,CusID_09927,New_UI
1088,CusID_06340,New_UI
1089,CusID_08962,New_UI
1090,CusID_02249,New_UI
1091,CusID_03088,New_UI
1092,CusID_07437,New_UI
1093,CusID_04477,New_UI
1094,CusID_03953,Old_UI
1095,CusID_09178,New_UI
1096,CusID_08134,New_UI
1097,CusID_08242,New_UI
1098,CusID_07964,Old_UI
1099,CusID_04544,New_UI
1100,CusID_06886,New_UI
1101,CusID_07415,Old_UI
1102,CusID_04145,Old_UI
1103,CusID_00720,Old_UI
1104,CusID_02943,New_UI
1105,CusID_03391,New_UI
1106,CusID_06623,Old_UI
1107,CusID_07555,Old_UI
1108,CusID_00163,Old_UI
1109,CusID_02303,Old_UI
1110,CusID_05557,Old_UI
1111,CusID_04257,New_UI
1112,CusID_06267,Old_UI
1113,CusID_00372,New_UI
1114,CusID_04849,Old_UI
1115,CusID_04552,New_UI
1116,CusID_00738,New_UI
1117,CusID_04616,New_UI
1118,CusID_08885,Old_UI
1119,CusID_00641,Old_UI
1120,CusID_00409,Old_UI
1121,CusID_02284,Old_UI
1122,CusID_00141,New_UI
1123,CusID_06266,New_UI
1124,CusID_05590,New_UI
1125,CusID_02989,New_UI
1126,CusID_07476,New_UI
1127,CusID_09385,Old_UI
1128,CusID_01156,New_UI
1129,CusID_08560,New_UI
1130,CusID_08609,Old_UI
1131,CusID_03915,Old_UI
1132,CusID_07095,Old_UI
1133,CusID_09609,New_UI
1134,CusID_03587,New_UI
1135,CusID_09455,Old_UI
1136,CusID_01081,Old_UI
1137,CusID_00591,New_UI
1138,CusID_07971,New_UI
1139,CusID_00726,Old_UI
1140,CusID_09040,New_UI
1141,CusID_08520,Old_UI
1142,CusID_05532,New_UI
1143,CusID_02633,Old_UI
1144,CusID_09249,New_UI
1145,CusID_04029,New_UI
1146,CusID_07637,New_UI
1147,CusID_04962,New_UI
1148,CusID_05001,Old_UI
1149,CusID_07187,Old_UI
1150,CusID_05704,New_UI
1151,CusID_06429,New_UI
1152,CusID_02675,Old_UI
1153,CusID_04310,New_UI
1154,CusID_07433,Old_UI
1155,CusID_08741,Old_UI
1156,CusID_03714,Old_UI
1157,CusID_09282,New_UI
1158,CusID_01350,Old_UI
1159,CusID_09193,Old_UI
1160,CusID_01651,Old_UI
1161,CusID_09238,Old_UI
1162,CusID_09682,New_UI
1163,CusID_03548,New_UI
1164,CusID_00270,New_UI
1165,CusID_04567,Old_UI
1166,CusID_06499,New_UI
1167,CusID_02585,Old_UI
1168,CusID_08464,Old_UI
1169,CusID_07105,New_UI
1170,CusID_07517,Old_UI
1171,CusID_09876,New_UI
1172,CusID_07601,Old_UI
1173,CusID_04030,New_UI
1174,CusID_03850,New_UI
1175,CusID_09214,New_UI
1176,CusID_00426,Old_UI
1177,CusID_00550,New_UI
1178,CusID_05603,New_UI
1179,CusID_05865,New_UI
1180,CusID_09037,New_UI
1181,CusID_00009,New_UI
1182,CusID_02724,New_UI
1183,CusID_06363,New_UI
1184,CusID_05988,New_UI
1185,CusID_06169,Old_UI
1186,CusID_01008,Old_UI
1187,CusID_00330,New_UI
1188,CusID_09072,New_UI
1189,CusID_09094,New_UI
1190,CusID_00190,New_UI
1191,CusID_09580,New_UI
1192,CusID_00490,New_UI
1193,CusID_03943,Old_UI
1194,CusID_00423,New_UI
1195,CusID_09731,New_UI
1196,CusID_07000,New_UI
1197,CusID_03148,Old_UI
1198,CusID_05666,New_UI
1199,CusID_08248,New_UI
1200,CusID_01094,Old_UI
1201,CusID_05827,Old_UI
1202,CusID_02804,New_UI
1203,CusID_09058,New_UI
1204,CusID_04861,Old_UI
1205,CusID_09518,New_UI
1206,CusID_00106,Old_UI
1207,CusID_01978,Old_UI
1208,CusID_04316,New_UI
1209,CusID_03924,New_UI
1210,CusID_04456,New_UI
1211,CusID_00096,New_UI
1212,CusID_06022,Old_UI
1213,CusID_00487,Old_UI
1214,CusID_03174,New_UI
1215,CusID_01006,Old_UI
1216,CusID_06251,New_UI
1217,CusID_05863,Old_UI
1218,CusID_04427,Old_UI
1219,CusID_02130,New_UI
1220,CusID_05440,Old_UI
1221,CusID_06630,Old_UI
1222,CusID_09583,Old_UI
1223,CusID_04981,Old_UI
1224,CusID_00630,New_UI
1225,CusID_00341,Old_UI
1226,CusID_06597,New_UI
1227,CusID_02994,Old_UI
1228,CusID_04207,Old_UI
1229,CusID_02947,Old_UI
1230,CusID_03380,Old_UI
1231,CusID_01977,New_UI
1232,CusID_02430,New_UI
1233,CusID_06706,New_UI
1234,CusID_03676,Old_UI
1235,CusID_04761,Old_UI
1236,CusID_07797,New_UI
1237,CusID_00567,New_UI
1238,CusID_04896,New_UI
1239,CusID_00573,New_UI
1240,CusID_06352,Old_UI
1241,CusID_05566,New_UI
1242,CusID_06274,Old_UI
1243,CusID_00786,New_UI
1244,CusID_09694,New_UI
1245,CusID_04122,Old_UI
1246,CusID_03270,Old_UI
1247,CusID_09826,Old_UI
1248,CusID_05038,Old_UI
1249,CusID_04032,Old_UI
1250,CusID_02224,New_UI
1251,CusID_00442,Old_UI
1252,CusID_00545,Old_UI
1253,CusID_03226,New_UI
1254,CusID_01833,Old_UI
1255,CusID_03572,New_UI
1256,CusID_04475,Old_UI
1257,CusID_01071,Old_UI
1258,CusID_08307,Old_UI
1259,CusID_08387,New_UI
1260,CusID_03097,New_UI
1261,CusID_09877,Old_UI
1262,CusID_09722,Old_UI
1263,CusID_02620,New_UI
1264,CusID_01055,Old_UI
1265,CusID_02241,New_UI
1266,CusID_04690,New_UI
1267,CusID_05323,Old_UI
1268,CusID_09911,New_UI
1269,CusID_04729,Old_UI
1270,CusID_02236,New_UI
1271,CusID_03244,New_UI
1272,CusID_03408,New_UI
1273,CusID_07939,New_UI
1274,CusID_05092,New_UI
1275,CusID_09067,Old_UI
1276,CusID_04355,New_UI
1277,CusID_05439,Old_UI
1278,CusID_00747,New_UI
1279,CusID_00972,Old_UI
1280,CusID_06765,New_UI
1281,CusID_00553,Old_UI
1282,CusID_07254,Old_UI
1283,CusID_00603,New_UI
1284,CusID_08678,New_UI
1285,CusID_04964,New_UI
1286,CusID_05840,Old_UI
1287,CusID_08639,Old_UI
1288,CusID_00403,Old_UI
1289,CusID_03875,Old_UI
1290,CusID_09954,New_UI
1291,CusID_06585,New_UI
1292,CusID_08010,New_UI
1293,CusID_06739,Old_UI
1294,CusID_09279,New_UI
1295,CusID_00452,New_UI
1296,CusID_04388,New_UI
1297,CusID_04858,Old_UI
1298,CusID_07910,New_UI
1299,CusID_03835,Old_UI
1300,CusID_09197,New_UI
1301,CusID_07815,New_UI
1302,CusID_03983,New_UI
1303,CusID_07786,New_UI
1304,CusID_07210,New_UI
1305,CusID_09346,Old_UI
1306,CusID_00006,New_UI
1307,CusID_03547,Old_UI
1308,CusID_09209,New_UI
1309,CusID_08174,New_UI
1310,CusID_07844,Old_UI
1311,CusID_01206,New_UI
1312,CusID_07490,New_UI
1313,CusID_09370,Old_UI
1314,CusID_01192,New_UI
1315,CusID_01169,New_UI
1316,CusID_09952,New_UI
1317,CusID_08167,Old_UI
1318,CusID_04960,New_UI
1319,CusID_02743,New_UI
1320,CusID_00570,New_UI
1321,CusID_08615,Old_UI
1322,CusID_00707,New_UI
1323,CusID_09497,Old_UI
1324,CusID_08353,Old_UI
1325,CusID_06119,New_UI
1326,CusID_04391,Old_UI
1327,CusID_07446,New_UI
1328,CusID_09391,Old_UI
1329,CusID_06716,New_UI
1330,CusID_09708,Old_UI
1331,CusID_02833,Old_UI
1332,CusID_01077,Old_UI
1333,CusID_02183,Old_UI
1334,CusID_05217,New_UI
1335,CusID_06158,Old_UI
1336,CusID_02239,Old_UI
1337,CusID_01562,New_UI
1338,CusID_00928,New_UI
1339,CusID_08014,Old_UI
1340,CusID_06553,Old_UI
1341,CusID_03539,Old_UI
1342,CusID_07799,New_UI
1343,CusID_00424,New_UI
1344,CusID_02553,Old_UI
1345,CusID_09304,New_UI
1346,CusID_00636,New_UI
1347,CusID_06680,Old_UI
1348,CusID_08961,New_UI
1349,CusID_03500,Old_UI
1350,CusID_02066,New_UI
1351,CusID_04714,New_UI
1352,CusID_05469,New_UI
1353,CusID_05272,New_UI
1354,CusID_02454,New_UI
1355,CusID_09875,Old_UI
1356,CusID_04403,New_UI
1357,CusID_07479,New_UI
1358,CusID_02839,Old_UI
1359,CusID_09984,New_UI
1360,CusID_02288,New_UI
1361,CusID_08666,New_UI
1362,CusID_07431,New_UI
1363,CusID_05651,Old_UI
1364,CusID_09171,New_UI
1365,CusID_00588,Old_UI
1366,CusID_07061,Old_UI
1367,CusID_09521,Old_UI
1368,CusID_03029,Old_UI
1369,CusID_07908,New_UI
1370,CusID_04493,Old_UI
1371,CusID_02464,Old_UI
1372,CusID_01989,New_UI
1373,CusID_08031,New_UI
1374,CusID_06842,Old_UI
1375,CusID_01447,Old_UI
1376,CusID_01145,Old_UI
1377,CusID_04583,Old_UI
1378,CusID_06813,New_UI
1379,CusID_06019,New_UI
1380,CusID_02090,New_UI
1381,CusID_07570,Old_UI
1382,CusID_05663,Old_UI
1383,CusID_02909,Old_UI
1384,CusID_01099,Old_UI
1385,CusID_03644,New_UI
1386,CusID_09899,Old_UI
1387,CusID_04929,New_UI
1388,CusID_01484,Old_UI
1389,CusID_04795,New_UI
1390,CusID_07021,New_UI
1391,CusID_05546,New_UI
1392,CusID_05505,Old_UI
1393,CusID_05014,New_UI
1394,CusID_07298,New_UI
1395,CusID_09168,New_UI
1396,CusID_02789,Old_UI
1397,CusID_07895,Old_UI
1398,CusID_08203,Old_UI
1399,CusID_02543,Old_UI
1400,CusID_03310,Old_UI
1401,CusID_06753,New_UI
1402,CusID_05776,New_UI
1403,CusID_02837,Old_UI
1404,CusID_08523,New_UI
1405,CusID_01685,Old_UI
1406,CusID_07959,New_UI
1407,CusID_05511,New_UI
1408,CusID_05008,Old_UI
1409,CusID_03684,New_UI
1410,CusID_05071,New_UI
1411,CusID_01210,Old_UI
1412,CusID_03339,New_UI
1413,CusID_00480,New_UI
1414,CusID_00549,Old_UI
1415,CusID_06132,New_UI
1416,CusID_05515,Old_UI
1417,CusID_02188,New_UI
1418,CusID_01266,New_UI
1419,CusID_05669,Old_UI
1420,CusID_05402,New_UI
1421,CusID_02272,New_UI
1422,CusID_08451,New_UI
1423,CusID_00998,New_UI
1424,CusID_02765,Old_UI
1425,CusID_00214,Old_UI
1426,CusID_07004,New_UI
1427,CusID_09460,Old_UI
1428,CusID_04619,Old_UI
1429,CusID_00441,New_UI
1430,CusID_08713,New_UI
1431,CusID_08179,Old_UI
1432,CusID_08083,New_UI
1433,CusID_00386,New_UI
1434,CusID_00891,New_UI
1435,CusID_04733,Old_UI
1436,CusID_04521,New_UI
1437,CusID_00623,Old_UI
1438,CusID_00728,New_UI
1439,CusID_07174,Old_UI
1440,CusID_04381,Old_UI
1441,CusID_09161,New_UI
1442,CusID_04482,Old_UI
1443,CusID_08441,Old_UI
1444,CusID_06808,New_UI
1445,CusID_05099,Old_UI
1446,CusID_03414,New_UI
1447,CusID_06515,Old_UI
1448,CusID_03401,Old_UI
1449,CusID_02478,Old_UI
1450,CusID_01661,New_UI
1451,CusID_08026,Old_UI
1452,CusID_03426,Old_UI
1453,CusID_09570,Old_UI
1454,CusID_03768,Old_UI
1455,CusID_04371,New_UI
1456,CusID_07764,Old_UI
1457,CusID_09025,Old_UI
1458,CusID_06084,Old_UI
1459,CusID_07135,Old_UI
1460,CusID_04602,New_UI
1461,CusID_01515,Old_UI
1462,CusID_00014,New_UI
1463,CusID_01377,New_UI
1464,CusID_01546,New_UI
1465,CusID_00916,New_UI
1466,CusID_09022,New_UI
1467,CusID_04101,New_UI
1468,CusID_03165,Old_UI
1469,CusID_01958,New_UI
1470,CusID_08502,New_UI
1471,CusID_01380,New_UI
1472,CusID_02019,New_UI
1473,CusID_00548,Old_UI
1474,CusID_09361,New_UI
1475,CusID_08129,Old_UI
1476,CusID_07606,New_UI
1477,CusID_03962,Old_UI
1478,CusID_00378,Old_UI
1479,CusID_06613,New_UI
1480,CusID_00060,Old_UI
1481,CusID_08224,New_UI
1482,CusID_02229,New_UI
1483,CusID_05437,Old_UI
1484,CusID_06624,New_UI
1485,CusID_06125,New_UI
1486,CusID_07721,New_UI
1487,CusID_00606,New_UI
1488,CusID_09107,Old_UI
1489,CusID_02896,New_UI
1490,CusID_08483,Old_UI
1491,CusID_02520,Old_UI
1492,CusID_08086,New_UI
1493,CusID_09640,New_UI
1494,CusID_06712,New_UI
1495,CusID_01982,Old_UI
1496,CusID_01975,Old_UI
1497,CusID_08501,Old_UI
1498,CusID_04628,Old_UI
1499,CusID_06541,Old_UI
1500,CusID_04300,New_UI
1501,CusID_06249,New_UI
1502,CusID_09601,Old_UI
1503,CusID_06699,Old_UI
1504,CusID_05815,Old_UI
1505,CusID_09960,New_UI
1506,CusID_06749,New_UI
1507,CusID_00416,New_UI
1508,CusID_07740,New_UI
1509,CusID_00042,New_UI
1510,CusID_09734,New_UI
1511,CusID_03476,New_UI
1512,CusID_06535,Old_UI
1513,CusID_04176,New_UI
1514,CusID_00684,New_UI
1515,CusID_08910,New_UI
1516,CusID_06299,Old_UI
1517,CusID_02007,Old_UI
1518,CusID_04158,New_UI
1519,CusID_06145,Old_UI
1520,CusID_01963,New_UI
1521,CusID_00945,Old_UI
1522,CusID_04568,New_UI
1523,CusID_05894,New_UI
1524,CusID_01557,New_UI
1525,CusID_02571,New_UI
1526,CusID_09589,Old_UI
1527,CusID_00626,New_UI
1528,CusID_00481,New_UI
1529,CusID_08547,Old_UI
1530,CusID_01835,Old_UI
1531,CusID_06001,Old_UI
1532,CusID_06275,Old_UI
1533,CusID_07176,Old_UI
1534,CusID_02041,New_UI
1535,CusID_06113,New_UI
1536,CusID_04275,New_UI
1537,CusID_08619,New_UI
1538,CusID_08125,Old_UI
1539,CusID_09874,New_UI
1540,CusID_04026,Old_UI
1541,CusID_07855,Old_UI
1542,CusID_04977,New_UI
1543,CusID_01871,Old_UI
1544,CusID_01374,Old_UI
1545,CusID_03545,Old_UI
1546,CusID_09946,New_UI
1547,CusID_02457,New_UI
1548,CusID_01684,New_UI
1549,CusID_01860,New_UI
1550,CusID_07212,New_UI
1551,CusID_03621,New_UI
1552,CusID_08838,Old_UI
1553,CusID_01805,New_UI
1554,CusID_05233,New_UI
1555,CusID_02363,New_UI
1556,CusID_01402,Old_UI
1557,CusID_09932,New_UI
1558,CusID_06450,New_UI
1559,CusID_07026,New_UI
1560,CusID_09351,New_UI
1561,CusID_00220,New_UI
1562,CusID_05583,Old_UI
1563,CusID_05247,Old_UI
1564,CusID_08410,Old_UI
1565,CusID_05179,Old_UI
1566,CusID_03290,New_UI
1567,CusID_03413,Old_UI
1568,CusID_08351,Old_UI
1569,CusID_05123,Old_UI
1570,CusID_08131,New_UI
1571,CusID_07064,Old_UI
1572,CusID_07053,New_UI
1573,CusID_00727,Old_UI
1574,CusID_01246,Old_UI
1575,CusID_01882,New_UI
1576,CusID_00648,New_UI
1577,CusID_04998,Old_UI
1578,CusID_00528,New_UI
1579,CusID_08235,Old_UI
1580,CusID_09846,Old_UI
1581,CusID_08893,Old_UI
1582,CusID_06357,Old_UI
1583,CusID_07851,New_UI
1584,CusID_01233,New_UI
1585,CusID_05180,New_UI
1586,CusID_00091,Old_UI
1587,CusID_00501,New_UI
1588,CusID_03065,Old_UI
1589,CusID_09592,New_UI
1590,CusID_04902,Old_UI
1591,CusID_02607,New_UI
1592,CusID_06453,New_UI
1593,CusID_01056,New_UI
1594,CusID_00095,Old_UI
1595,CusID_01861,New_UI
1596,CusID_08569,Old_UI
1597,CusID_04483,New_UI
1598,CusID_02247,Old_UI
1599,CusID_02888,New_UI
1600,CusID_08316,New_UI
1601,CusID_05447,Old_UI
1602,CusID_00281,Old_UI
1603,CusID_07755,New_UI
1604,CusID_03992,New_UI
1605,CusID_01242,Old_UI
1606,CusID_02514,Old_UI
1607,CusID_01719,New_UI
1608,CusID_06260,New_UI
1609,CusID_06247,Old_UI
1610,CusID_08599,Old_UI
1611,CusID_01825,Old_UI
1612,CusID_01703,Old_UI
1613,CusID_09140,New_UI
1614,CusID_07960,New_UI
1615,CusID_04479,New_UI
1616,CusID_07263,Old_UI
1617,CusID_02593,Old_UI
1618,CusID_03935,Old_UI
1619,CusID_00309,Old_UI
1620,CusID_06654,New_UI
1621,CusID_07253,Old_UI
1622,CusID_04754,New_UI
1623,CusID_05662,Old_UI
1624,CusID_05877,New_UI
1625,CusID_08522,New_UI
1626,CusID_08611,Old_UI
1627,CusID_00144,New_UI
1628,CusID_01668,New_UI
1629,CusID_07720,New_UI
1630,CusID_08274,New_UI
1631,CusID_08420,New_UI
1632,CusID_00766,New_UI
1633,CusID_05698,Old_UI
1634,CusID_09590,Old_UI
1635,CusID_08300,New_UI
1636,CusID_05596,New_UI
1637,CusID_04762,Old_UI
1638,CusID_04973,Old_UI
1639,CusID_04748,New_UI
1640,CusID_00519,Old_UI
1641,CusID_05299,Old_UI
1642,CusID_06007,Old_UI
1643,CusID_06954,New_UI
1644,CusID_07635,Old_UI
1645,CusID_09859,Old_UI
1646,CusID_05017,New_UI
1647,CusID_04812,New_UI
1648,CusID_04612,New_UI
1649,CusID_03728,New_UI
1650,CusID_04272,New_UI
1651,CusID_07777,New_UI
1652,CusID_07384,New_UI
1653,CusID_02744,New_UI
1654,CusID_07901,Old_UI
1655,CusID_01146,New_UI
1656,CusID_04569,New_UI
1657,CusID_09135,New_UI
1658,CusID_09050,New_UI
1659,CusID_01895,Old_UI
1660,CusID_05274,New_UI
1661,CusID_00174,New_UI
1662,CusID_02948,New_UI
1663,CusID_06400,New_UI
1664,CusID_09595,New_UI
1665,CusID_05506,Old_UI
1666,CusID_09516,Old_UI
1667,CusID_05580,New_UI
1668,CusID_06799,New_UI
1669,CusID_03988,New_UI
1670,CusID_00774,New_UI
1671,CusID_07220,New_UI
1672,CusID_09623,Old_UI
1673,CusID_03976,Old_UI
1674,CusID_04366,New_UI
1675,CusID_05795,Old_UI
1676,CusID_02821,Old_UI
1677,CusID_08156,Old_UI
1678,CusID_07361,Old_UI
1679,CusID_04079,Old_UI
1680,CusID_00683,New_UI
1681,CusID_04845,New_UI
1682,CusID_00196,New_UI
1683,CusID_06050,Old_UI
1684,CusID_04656,Old_UI
1685,CusID_03887,Old_UI
1686,CusID_06850,New_UI
1687,CusID_04938,New_UI
1688,CusID_00925,Old_UI
1689,CusID_08029,Old_UI
1690,CusID_06925,Old_UI
1691,CusID_05783,Old_UI
1692,CusID_00585,New_UI
1693,CusID_03394,New_UI
1694,CusID_09990,Old_UI
1695,CusID_00969,New_UI
1696,CusID_09885,Old_UI
1697,CusID_00624,New_UI
1698,CusID_03972,Old_UI
1699,CusID_01894,Old_UI
1700,CusID_06869,Old_UI
1701,CusID_03982,Old_UI
1702,CusID_08675,Old_UI
1703,CusID_01778,New_UI
1704,CusID_05070,New_UI
1705,CusID_09020,New_UI
1706,CusID_07656,New_UI
1707,CusID_06096,New_UI
1708,CusID_06270,Old_UI
1709,CusID_02385,Old_UI
1710,CusID_05749,Old_UI
1711,CusID_06552,Old_UI
1712,CusID_08540,New_UI
1713,CusID_03402,New_UI
1714,CusID_03703,Old_UI
1715,CusID_09662,New_UI
1716,CusID_00782,New_UI
1717,CusID_08791,New_UI
1718,CusID_09944,New_UI
1719,CusID_01043,New_UI
1720,CusID_07785,Old_UI
1721,CusID_03055,Old_UI
1722,CusID_08769,New_UI
1723,CusID_08702,Old_UI
1724,CusID_05735,Old_UI
1725,CusID_05337,New_UI
1726,CusID_03996,New_UI
1727,CusID_05602,New_UI
1728,CusID_06224,New_UI
1729,CusID_01355,Old_UI
1730,CusID_01231,Old_UI
1731,CusID_00843,New_UI
1732,CusID_05714,New_UI
1733,CusID_08313,Old_UI
1734,CusID_08510,New_UI
1735,CusID_01550,Old_UI
1736,CusID_08587,Old_UI
1737,CusID_02577,New_UI
1738,CusID_04592,New_UI
1739,CusID_07745,Old_UI
1740,CusID_07136,Old_UI
1741,CusID_05919,New_UI
1742,CusID_00239,Old_UI
1743,CusID_09170,Old_UI
1744,CusID_00204,New_UI
1745,CusID_09093,New_UI
1746,CusID_08566,New_UI
1747,CusID_05183,Old_UI
1748,CusID_04298,New_UI
1749,CusID_04049,New_UI
1750,CusID_08455,Old_UI
1751,CusID_08649,New_UI
1752,CusID_03409,New_UI
1753,CusID_03008,Old_UI
1754,CusID_03615,New_UI
1755,CusID_06743,Old_UI
1756,CusID_04196,New_UI
1757,CusID_00785,New_UI
1758,CusID_03782,Old_UI
1759,CusID_00107,Old_UI
1760,CusID_04624,Old_UI
1761,CusID_00314,Old_UI
1762,CusID_05535,New_UI
1763,CusID_01718,New_UI
1764,CusID_05045,Old_UI
1765,CusID_05575,Old_UI
1766,CusID_02177,New_UI
1767,CusID_09417,New_UI
1768,CusID_09496,New_UI
1769,CusID_08126,Old_UI
1770,CusID_09524,New_UI
1771,CusID_02911,Old_UI
1772,CusID_04987,Old_UI
1773,CusID_09474,New_UI
1774,CusID_04449,New_UI
1775,CusID_03208,New_UI
1776,CusID_05657,Old_UI
1777,CusID_00500,New_UI
1778,CusID_06017,New_UI
1779,CusID_04223,New_UI
1780,CusID_02684,Old_UI
1781,CusID_07294,New_UI
1782,CusID_00997,Old_UI
1783,CusID_01540,New_UI
1784,CusID_08407,New_UI
1785,CusID_04222,New_UI
1786,CusID_06137,Old_UI
1787,CusID_07673,Old_UI
1788,CusID_01107,New_UI
1789,CusID_07879,Old_UI
1790,CusID_06089,Old_UI
1791,CusID_01362,New_UI
1792,CusID_08754,Old_UI
1793,CusID_06330,New_UI
1794,CusID_00127,Old_UI
1795,CusID_05284,Old_UI
1796,CusID_01688,New_UI
1797,CusID_05430,Old_UI
1798,CusID_06287,New_UI
1799,CusID_02912,New_UI
1800,CusID_00489,New_UI
1801,CusID_07172,New_UI
1802,CusID_03932,Old_UI
1803,CusID_05121,New_UI
1804,CusID_05640,New_UI
1805,CusID_06256,Old_UI
1806,CusID_06418,New_UI
1807,CusID_06621,New_UI
1808,CusID_00532,New_UI
1809,CusID_02174,New_UI
1810,CusID_08788,New_UI
1811,CusID_03083,Old_UI
1812,CusID_00037,New_UI
1813,CusID_03641,Old_UI
1814,CusID_02767,Old_UI
1815,CusID_05219,New_UI
1816,CusID_04294,New_UI
1817,CusID_00854,Old_UI
1818,CusID_06341,Old_UI
1819,CusID_08178,New_UI
1820,CusID_00806,New_UI
1821,CusID_07375,Old_UI
1822,CusID_07366,New_UI
1823,CusID_07648,New_UI
1824,CusID_00846,New_UI
1825,CusID_04216,New_UI
1826,CusID_09134,Old_UI
1827,CusID_07715,Old_UI
1828,CusID_08974,Old_UI
1829,CusID_06614,New_UI
1830,CusID_04262,Old_UI
1831,CusID_00323,New_UI
1832,CusID_04173,New_UI
1833,CusID_08443,Old_UI
1834,CusID_09423,Old_UI
1835,CusID_04924,New_UI
1836,CusID_02813,New_UI
1837,CusID_02237,Old_UI
1838,CusID_02411,Old_UI
1839,CusID_00884,New_UI
1840,CusID_04834,New_UI
1841,CusID_06283,Old_UI
1842,CusID_02880,Old_UI
1843,CusID_04627,Old_UI
1844,CusID_06215,Old_UI
1845,CusID_02254,New_UI
1846,CusID_00977,Old_UI
1847,CusID_00148,New_UI
1848,CusID_04876,Old_UI
1849,CusID_05091,Old_UI
